profile,is_pf,is_sigs_day,is_mdd,ho_pf,ho_wr,ho_n_trades
Aggressive,1.1242105263157895,10.048653667595172,155.5,1.4177545691906006,0.48590604026845635,2340
Balanced,1.4230769230769231,0.9151346332404828,21.0,1.6134453781512605,0.5182186234817814,268
Conservative,1.4230769230769231,0.9151346332404828,21.0,1.6134453781512605,0.5182186234817814,268
